{
  "validation": {
    "v3_on_v3": {
      "precision": 0.9815980233099577,
      "recall": 0.9130434782608695,
      "map50": 0.9888280922431866,
      "map50_95": 0.5928412857983553
    },
    "v3_on_v4": {
      "precision": 0.9283224299393746,
      "recall": 0.7777777777777778,
      "map50": 0.8900347542248902,
      "map50_95": 0.5211525442332093
    },
    "v4_on_v3": {
      "precision": 0.9785969447924276,
      "recall": 0.9940564052441009,
      "map50": 0.9941489361702127,
      "map50_95": 0.5930144209379054
    },
    "v4_on_v4": {
      "precision": 0.924562036566552,
      "recall": 0.9078543919142217,
      "map50": 0.9713505391251697,
      "map50_95": 0.5665645618513006
    }
  },
  "held_out": {
    "v3_positive": {
      "images": 8,
      "detected_at_0.2": 8,
      "detected_at_0.4": 8,
      "max_confidences": [
        0.6753,
        0.6433,
        0.6406,
        0.7224,
        0.7334,
        0.6522,
        0.6436,
        0.7743
      ]
    },
    "v4_positive": {
      "images": 8,
      "detected_at_0.2": 8,
      "detected_at_0.4": 8,
      "max_confidences": [
        0.7419,
        0.7605,
        0.648,
        0.8152,
        0.6789,
        0.7316,
        0.7186,
        0.8044
      ]
    },
    "v3_negative": {
      "images": 21,
      "detected_at_0.2": 21,
      "detected_at_0.4": 21,
      "max_confidences": [
        0.546,
        0.5537,
        0.5845,
        0.5875,
        0.5323,
        0.5795,
        0.581,
        0.5699,
        0.5903,
        0.571,
        0.5782,
        0.5596,
        0.5503,
        0.5514,
        0.5645,
        0.5781,
        0.593,
        0.5256,
        0.5638,
        0.5792,
        0.5945
      ]
    },
    "v4_negative": {
      "images": 21,
      "detected_at_0.2": 21,
      "detected_at_0.4": 21,
      "max_confidences": [
        0.5298,
        0.5016,
        0.5425,
        0.5815,
        0.56,
        0.5859,
        0.6344,
        0.6347,
        0.6118,
        0.5736,
        0.6181,
        0.636,
        0.5825,
        0.5384,
        0.5792,
        0.5736,
        0.5916,
        0.6456,
        0.6113,
        0.6371,
        0.6226
      ]
    }
  }
}