{
  "v2": {
    "counts": [
      5,
      1,
      4,
      2,
      1,
      3,
      5,
      0,
      2,
      1
    ],
    "best_scores": [
      0.7559798359870911,
      0.756386935710907,
      0.654032289981842,
      0.576431155204773,
      0.4855548143386841,
      0.6197383403778076,
      0.8153650760650635,
      0.0,
      0.46763890981674194,
      0.7565016746520996
    ],
    "detected_frames": 9,
    "total_boxes": 24,
    "mean_best": 0.588762903213501
  },
  "v3": {
    "counts": [
      1,
      1,
      1,
      1,
      1,
      1,
      1,
      1,
      1,
      0
    ],
    "best_scores": [
      0.5001449584960938,
      0.47837477922439575,
      0.42401087284088135,
      0.6689372658729553,
      0.20020674169063568,
      0.6222373247146606,
      0.279020756483078,
      0.5662580728530884,
      0.667596697807312,
      0.0
    ],
    "detected_frames": 9,
    "total_boxes": 9,
    "mean_best": 0.4406787469983101
  }
}